trade_id,strategy_id,factor_id,product_id,contract,side,quantity,entry_signal_time,entry_time,entry_price,exit_signal_time,exit_time,exit_price,bars_held,gross_pnl,total_fee,net_pnl,trading_date
FID004_day_v3:DCE.P:000008,FID004_day_v3,FID004,DCE.P,P1701,long,1,2016-09-20 09:30:00,2016-09-20 09:31:00,5676.0,2016-09-20 14:55:00,2016-09-20 21:00:00,5686.0,194,100.0,3.86308,96.13692,2016-09-21
FTR001_trading_day_v3:DCE.P:000004,FTR001_trading_day_v3,FTR001,DCE.P,P1701,long,1,2016-09-19 21:59:00,2016-09-19 22:00:00,5586.0,2016-09-20 14:55:00,2016-09-20 21:00:00,5686.0,285,1000.0,3.83248,996.16752,2016-09-21
FTR001_trading_day_v3:DCE.P:000013,FTR001_trading_day_v3,FTR001,DCE.P,P1701,long,1,2016-10-14 21:59:00,2016-10-14 22:00:00,5696.0,2016-10-17 14:55:00,2016-10-17 21:00:00,5800.0,285,1040.0,3.90864,1036.09136,2016-10-18
FTR001_trading_day_v3:DCE.JM:000013,FTR001_trading_day_v3,FTR001,DCE.JM,JM1701,long,1,2016-11-04 09:00:00,2016-11-04 09:01:00,1389.0,2016-11-04 14:55:00,2016-11-04 21:00:00,1407.5,224,1110.0,16.94679,1093.05321,2016-11-07
FID004_day_v3:DCE.JM:000050,FID004_day_v3,FID004,DCE.JM,JM1701,long,1,2016-11-07 09:56:00,2016-11-07 09:57:00,1485.0,2016-11-07 14:55:00,2016-11-07 21:00:00,1525.0,168,2400.0,18.2406,2381.7594,2016-11-08
FTR001_trading_day_v3:DCE.JM:000014,FTR001_trading_day_v3,FTR001,DCE.JM,JM1701,long,1,2016-11-04 21:59:00,2016-11-04 22:00:00,1438.0,2016-11-07 14:55:00,2016-11-07 21:00:00,1525.0,285,5220.0,17.95578,5202.04422,2016-11-08
FID004_day_v3:SHFE.RU:000042,FID004_day_v3,FID004,SHFE.RU,RU1701,long,1,2016-11-08 09:34:00,2016-11-08 09:35:00,14965.0,2016-11-08 14:55:00,2016-11-08 21:00:00,15135.0,190,1700.0,6.622000000000001,1693.378,2016-11-09
FTR001_trading_day_v3:SHFE.RU:000019,FTR001_trading_day_v3,FTR001,SHFE.RU,RU1701,long,1,2016-11-08 09:26:00,2016-11-08 09:27:00,14915.0,2016-11-08 14:55:00,2016-11-08 21:00:00,15135.0,198,2200.0,6.611000000000001,2193.389,2016-11-09
FTR001_trading_day_v3:SHFE.CU:000017,FTR001_trading_day_v3,FTR001,SHFE.CU,CU1701,long,1,2016-11-09 21:59:00,2016-11-09 22:00:00,42990.0,2016-11-10 14:55:00,2016-11-10 21:00:00,45000.0,405,10050.0,21.9975,10028.0025,2016-11-11
FID004_day_v3:DCE.P:000052,FID004_day_v3,FID004,DCE.P,P1701,short,1,2016-11-14 13:30:00,2016-11-14 13:31:00,5994.0,2016-11-14 14:55:00,2016-11-14 21:00:00,5976.0,89,180.0,4.0698,175.9302,2016-11-15
FTR001_trading_day_v3:DCE.P:000022,FTR001_trading_day_v3,FTR001,DCE.P,P1701,short,1,2016-11-11 21:59:00,2016-11-11 22:00:00,6044.0,2016-11-14 14:55:00,2016-11-14 21:00:00,5976.0,285,680.0,4.0868,675.9132,2016-11-15
FTR001_trading_day_v3:SHFE.AG:000018,FTR001_trading_day_v3,FTR001,SHFE.AG,AG1706,short,1,2016-11-11 22:27:00,2016-11-11 22:28:00,4364.0,2016-11-14 14:55:00,2016-11-14 21:00:00,4141.0,467,3345.0,6.506325,3338.493675,2016-11-15
FID004_day_v3:SHFE.RB:000053,FID004_day_v3,FID004,SHFE.RB,RB1701,short,1,2016-11-15 10:53:00,2016-11-15 10:54:00,2920.0,2016-11-15 14:55:00,2016-11-15 21:00:00,2801.0,126,1190.0,5.7782100000000005,1184.22179,2016-11-16
FTR001_trading_day_v3:SHFE.RU:000024,FTR001_trading_day_v3,FTR001,SHFE.RU,RU1701,long,1,2016-11-16 09:58:00,2016-11-16 09:59:00,16350.0,2016-11-16 14:55:00,2016-11-16 21:00:00,16540.0,166,1900.0,7.235800000000001,1892.7642,2016-11-17
FTR001_trading_day_v3:SHFE.RU:000026,FTR001_trading_day_v3,FTR001,SHFE.RU,RU1705,long,1,2016-11-21 09:20:00,2016-11-21 09:21:00,17195.0,2016-11-21 14:55:00,2016-11-21 21:00:00,17855.0,204,6600.0,7.711000000000001,6592.289,2016-11-22
FID004_day_v3:CZCE.SR:000059,FID004_day_v3,FID004,CZCE.SR,SR1701,long,1,2016-11-28 10:35:00,2016-11-28 10:36:00,7182.0,2016-11-28 14:55:00,2016-11-28 21:00:00,7268.0,144,860.0,7.9475,852.0525,2016-11-29
FTR001_trading_day_v3:CZCE.SR:000024,FTR001_trading_day_v3,FTR001,CZCE.SR,SR1701,long,1,2016-11-25 21:59:00,2016-11-25 22:00:00,7022.0,2016-11-28 14:55:00,2016-11-28 21:00:00,7268.0,285,2460.0,7.8595,2452.1405,2016-11-29
FTR001_trading_day_v3:SHFE.RU:000031,FTR001_trading_day_v3,FTR001,SHFE.RU,RU1705,short,1,2016-11-29 22:21:00,2016-11-29 22:22:00,18290.0,2016-11-30 14:55:00,2016-11-30 14:56:00,17775.0,259,5150.0,7.9343,5142.0657,2016-11-30
FID004_day_v3:SHFE.RB:000067,FID004_day_v3,FID004,SHFE.RB,RB1705,short,1,2016-11-30 10:56:00,2016-11-30 10:57:00,3005.0,2016-11-30 14:55:00,2016-11-30 21:00:00,3000.0,123,50.0,6.06505,43.93495,2016-12-01
FID004_day_v3:SHFE.RB:000106,FID004_day_v3,FID004,SHFE.RB,RB1705,long,1,2017-01-10 10:30:00,2017-01-10 10:31:00,3088.0,2017-01-10 14:55:00,2017-01-10 21:00:00,3177.0,149,890.0,6.32765,883.67235,2017-01-11
FTR001_trading_day_v3:SHFE.RB:000035,FTR001_trading_day_v3,FTR001,SHFE.RB,RB1705,long,1,2017-01-10 13:43:00,2017-01-10 13:44:00,3153.0,2017-01-10 14:55:00,2017-01-10 21:00:00,3177.0,76,240.0,6.3933,233.6067,2017-01-11
FTR001_trading_day_v3:DCE.JM:000055,FTR001_trading_day_v3,FTR001,DCE.JM,JM1709,long,1,2017-04-05 09:40:00,2017-04-05 09:41:00,1313.0,2017-04-05 14:55:00,2017-04-05 21:00:00,1331.0,184,1080.0,16.022640000000003,1063.97736,2017-04-06
FID004_day_v3:SHFE.RU:000168,FID004_day_v3,FID004,SHFE.RU,RU1709,short,1,2017-04-07 13:50:00,2017-04-07 13:51:00,15810.0,2017-04-07 14:55:00,2017-04-07 21:00:00,15645.0,69,1650.0,6.9201000000000015,1643.0799,2017-04-10
FTR001_trading_day_v3:SHFE.RU:000064,FTR001_trading_day_v3,FTR001,SHFE.RU,RU1709,short,1,2017-04-06 21:59:00,2017-04-06 22:00:00,16115.0,2017-04-07 14:55:00,2017-04-07 21:00:00,15645.0,285,4700.0,6.987200000000001,4693.0128,2017-04-10
FID004_night_v3:SHFE.AU:000196,FID004_night_v3,FID004,SHFE.AU,AU1712,long,1,2017-05-02 21:46:00,2017-05-02 21:47:00,283.35,2017-05-03 02:25:00,2017-05-03 02:28:00,283.45,281,99.9999999999659,40.0,59.999999999965894,2017-05-03
FID004_night_v3:SHFE.AU:000202,FID004_night_v3,FID004,SHFE.AU,AU1712,short,1,2017-05-09 00:05:00,2017-05-09 00:06:00,278.55,2017-05-09 02:25:00,2017-05-09 02:26:00,278.55,140,-0.0,40.0,-40.0,2017-05-09
FID004_night_v3:SHFE.AU:000206,FID004_night_v3,FID004,SHFE.AU,AU1712,short,1,2017-05-12 21:48:00,2017-05-12 21:49:00,278.4,2017-05-13 02:25:00,2017-05-13 02:26:00,278.1,277,299.9999999999545,40.0,259.9999999999545,2017-05-15
FID004_night_v3:SHFE.AU:000217,FID004_night_v3,FID004,SHFE.AU,AU1712,long,1,2017-05-31 22:05:00,2017-05-31 22:06:00,282.5,2017-06-01 02:25:00,2017-06-01 02:26:00,282.55,260,50.00000000001137,40.0,10.000000000011369,2017-06-01
FID004_night_v3:DCE.P:000156,FID004_night_v3,FID004,DCE.P,P1801,long,1,2017-07-11 21:30:00,2017-07-11 21:31:00,5304.0,2017-07-11 22:55:00,2017-07-11 22:56:00,5314.0,85,100.0,3.61012,96.38988,2017-07-12
FID004_night_v3:DCE.P:000158,FID004_night_v3,FID004,DCE.P,P1801,long,1,2017-07-12 22:19:00,2017-07-12 22:20:00,5308.0,2017-07-12 22:55:00,2017-07-12 22:56:00,5306.0,36,-20.0,3.60876,-23.60876,2017-07-13
FTR001_trading_day_v3:SHFE.RU:000092,FTR001_trading_day_v3,FTR001,SHFE.RU,RU1709,short,1,2017-07-28 10:14:00,2017-07-28 10:30:00,13235.0,2017-07-28 14:55:00,2017-07-28 21:00:00,12500.0,150,7350.0,5.661700000000001,7344.3383,2017-07-31
FTR001_trading_day_v3:SHFE.RU:000112,FTR001_trading_day_v3,FTR001,SHFE.RU,RU1801,short,1,2017-09-27 21:59:00,2017-09-27 22:00:00,14155.0,2017-09-28 14:55:00,2017-09-28 21:00:00,13500.0,285,6550.0,6.084100000000001,6543.9159,2017-09-29
FID004_night_v3:CZCE.CF:000198,FID004_night_v3,FID004,CZCE.CF,CF1801,short,1,2017-10-25 21:59:00,2017-10-25 22:00:00,15030.0,2017-10-25 22:55:00,2017-10-25 22:56:00,15050.0,56,-100.0,9.776,-109.776,2017-10-26
FID004_night_v3:SHFE.AU:000358,FID004_night_v3,FID004,SHFE.AU,AU1806,long,1,2017-11-13 22:09:00,2017-11-13 22:10:00,279.9,2017-11-14 02:25:00,2017-11-14 02:27:00,279.95,257,50.00000000001137,40.0,10.000000000011369,2017-11-14
FID004_night_v3:CZCE.CF:000206,FID004_night_v3,FID004,CZCE.CF,CF1801,short,1,2017-11-16 22:42:00,2017-11-16 22:43:00,15030.0,2017-11-16 22:55:00,2017-11-16 22:57:00,15035.0,14,-25.0,9.771124999999998,-34.771125,2017-11-17
FID004_night_v3:CZCE.CF:000207,FID004_night_v3,FID004,CZCE.CF,CF1801,short,1,2017-11-17 21:44:00,2017-11-17 21:45:00,14925.0,2017-11-17 22:55:00,2017-11-17 22:56:00,14975.0,71,-250.0,9.7175,-259.71750000000003,2017-11-20
FID004_night_v3:CZCE.CF:000214,FID004_night_v3,FID004,CZCE.CF,CF1805,short,1,2017-12-08 22:18:00,2017-12-08 22:19:00,15425.0,2017-12-08 22:55:00,2017-12-08 22:56:00,15425.0,37,-0.0,10.02625,-10.02625,2017-12-11
FID004_night_v3:CZCE.SR:000231,FID004_night_v3,FID004,CZCE.SR,SR1801,short,1,2017-12-08 21:44:00,2017-12-08 21:45:00,6537.0,2017-12-08 22:55:00,2017-12-08 22:56:00,6524.0,71,130.0,7.183549999999999,122.81645,2017-12-11
FID004_day_v3:DCE.JM:000396,FID004_day_v3,FID004,DCE.JM,JM1805,long,1,2017-12-18 13:59:00,2017-12-18 14:00:00,1337.5,2017-12-18 14:55:00,2017-12-18 21:00:00,1368.0,60,1830.0,16.39533,1813.60467,2017-12-19
FTR001_rolling_30m_v3:DCE.JM:000300,FTR001_rolling_30m_v3,FTR001,DCE.JM,JM1805,long,1,2017-12-18 14:08:00,2017-12-18 14:09:00,1340.5,2017-12-18 14:55:00,2017-12-18 21:00:00,1368.0,51,1650.0,16.413510000000002,1633.58649,2017-12-19
FTR001_trading_day_v3:DCE.JM:000123,FTR001_trading_day_v3,FTR001,DCE.JM,JM1805,long,1,2017-12-15 22:59:00,2017-12-18 09:00:00,1316.5,2017-12-18 14:55:00,2017-12-18 21:00:00,1368.0,225,3090.0,16.26807,3073.73193,2017-12-19
FID004_night_v3:CZCE.CF:000220,FID004_night_v3,FID004,CZCE.CF,CF1805,short,1,2017-12-26 22:37:00,2017-12-26 22:38:00,14970.0,2017-12-26 22:55:00,2017-12-26 22:56:00,14970.0,18,-0.0,9.7305,-9.7305,2017-12-27
FID004_night_v3:CZCE.CF:000225,FID004_night_v3,FID004,CZCE.CF,CF1805,short,1,2018-01-09 21:39:00,2018-01-09 21:40:00,15220.0,2018-01-09 22:55:00,2018-01-09 22:56:00,15195.0,76,125.0,9.884875,115.115125,2018-01-10
FID004_night_v3:CZCE.CF:000226,FID004_night_v3,FID004,CZCE.CF,CF1805,short,1,2018-01-10 22:34:00,2018-01-10 22:35:00,15205.0,2018-01-10 22:55:00,2018-01-10 22:56:00,15215.0,21,-50.0,9.886499999999998,-59.8865,2018-01-11
FID004_night_v3:CZCE.CF:000230,FID004_night_v3,FID004,CZCE.CF,CF1805,long,1,2018-01-15 21:59:00,2018-01-15 22:00:00,15295.0,2018-01-15 22:55:00,2018-01-15 22:58:00,15290.0,58,-25.0,9.940124999999998,-34.940125,2018-01-16
FID004_night_v3:CZCE.CF:000240,FID004_night_v3,FID004,CZCE.CF,CF1805,short,1,2018-02-07 21:54:00,2018-02-07 21:55:00,15050.0,2018-02-07 22:55:00,2018-02-07 22:56:00,15050.0,61,-0.0,9.7825,-9.7825,2018-02-08
FID004_night_v3:CZCE.CF:000257,FID004_night_v3,FID004,CZCE.CF,CF1805,long,1,2018-03-21 21:30:00,2018-03-21 21:31:00,15035.0,2018-03-21 22:55:00,2018-03-21 22:56:00,15030.0,85,-25.0,9.771124999999998,-34.771125,2018-03-22
FTR001_trading_day_v3:SHFE.RU:000165,FTR001_trading_day_v3,FTR001,SHFE.RU,RU1805,short,1,2018-03-22 22:02:00,2018-03-22 22:03:00,12005.0,2018-03-23 14:55:00,2018-03-23 21:00:00,11205.0,282,8000.0,5.106200000000001,7994.8938,2018-03-26
FID004_night_v3:DCE.P:000282,FID004_night_v3,FID004,DCE.P,P1809,short,1,2018-03-27 22:19:00,2018-03-27 22:20:00,5076.0,2018-03-27 22:55:00,2018-03-27 22:56:00,5080.0,36,-40.0,3.45304,-43.45304,2018-03-28
FID004_night_v3:CZCE.CF:000263,FID004_night_v3,FID004,CZCE.CF,CF1809,short,1,2018-04-09 22:03:00,2018-04-09 22:04:00,15265.0,2018-04-09 22:55:00,2018-04-09 22:56:00,15275.0,52,-50.0,9.9255,-59.9255,2018-04-10
FID004_night_v3:CZCE.CF:000268,FID004_night_v3,FID004,CZCE.CF,CF1809,long,1,2018-04-23 21:39:00,2018-04-23 21:40:00,15490.0,2018-04-23 22:55:00,2018-04-23 22:57:00,15475.0,77,-75.0,10.063624999999998,-85.063625,2018-04-24
FID004_night_v3:CZCE.CF:000270,FID004_night_v3,FID004,CZCE.CF,CF1809,short,1,2018-04-26 21:34:00,2018-04-26 21:35:00,15400.0,2018-04-26 22:55:00,2018-04-26 22:57:00,15390.0,82,50.0,10.00675,39.99325,2018-04-27
FID004_night_v3:CZCE.CF:000274,FID004_night_v3,FID004,CZCE.CF,CF1809,long,1,2018-05-04 22:40:00,2018-05-04 22:41:00,15565.0,2018-05-04 22:55:00,2018-05-04 22:56:00,15560.0,15,-25.0,10.115624999999998,-35.115625,2018-05-07
FID004_night_v3:SHFE.AG:000467,FID004_night_v3,FID004,SHFE.AG,AG1812,long,1,2018-05-07 23:11:00,2018-05-07 23:12:00,3760.0,2018-05-08 02:25:00,2018-05-08 02:26:00,3758.0,194,-30.0,5.751270000000001,-35.751270000000005,2018-05-08
FID004_night_v3:DCE.P:000299,FID004_night_v3,FID004,DCE.P,P1809,short,1,2018-05-10 21:31:00,2018-05-10 21:32:00,5078.0,2018-05-10 22:55:00,2018-05-10 22:56:00,5086.0,84,-80.0,3.4557599999999997,-83.45576,2018-05-11
FTR001_trading_day_v3:CZCE.CF:000156,FTR001_trading_day_v3,FTR001,CZCE.CF,CF1901,long,1,2018-05-16 09:37:00,2018-05-16 09:38:00,16480.0,2018-05-16 14:55:00,2018-05-16 21:00:00,17085.0,187,3025.0,10.908625,3014.091375,2018-05-17
FID004_day_v3:CZCE.CF:000451,FID004_day_v3,FID004,CZCE.CF,CF1901,long,1,2018-05-29 09:43:00,2018-05-29 09:44:00,18480.0,2018-05-29 14:55:00,2018-05-29 21:00:00,18850.0,181,1850.0,12.13225,1837.86775,2018-05-30
FTR001_trading_day_v3:CZCE.CF:000161,FTR001_trading_day_v3,FTR001,CZCE.CF,CF1901,long,1,2018-05-29 09:14:00,2018-05-29 09:15:00,18140.0,2018-05-29 14:55:00,2018-05-29 21:00:00,18850.0,210,3550.0,12.02175,3537.97825,2018-05-30
FID004_day_v3:CZCE.CF:000459,FID004_day_v3,FID004,CZCE.CF,CF1901,short,1,2018-06-05 10:13:00,2018-06-05 10:14:00,18155.0,2018-06-05 14:55:00,2018-06-05 21:00:00,17680.0,151,2375.0,11.646375,2363.3536249999997,2018-06-06
FID004_day_v3:DCE.P:000507,FID004_day_v3,FID004,DCE.P,P1809,short,1,2018-06-19 10:00:00,2018-06-19 10:01:00,4852.0,2018-06-19 14:55:00,2018-06-19 21:00:00,4630.0,164,2220.0,3.2238800000000003,2216.77612,2018-06-20
FTR001_trading_day_v3:DCE.P:000154,FTR001_trading_day_v3,FTR001,DCE.P,P1809,short,1,2018-06-19 10:41:00,2018-06-19 10:42:00,4800.0,2018-06-19 14:55:00,2018-06-19 21:00:00,4630.0,138,1700.0,3.2062,1696.7938,2018-06-20
FID004_night_v3:DCE.P:000329,FID004_night_v3,FID004,DCE.P,P1809,short,1,2018-07-02 21:36:00,2018-07-02 21:37:00,4856.0,2018-07-02 22:55:00,2018-07-02 22:56:00,4858.0,79,-20.0,3.30276,-23.302760000000003,2018-07-03
FID004_night_v3:DCE.P:000331,FID004_night_v3,FID004,DCE.P,P1809,long,1,2018-07-06 22:36:00,2018-07-06 22:37:00,4812.0,2018-07-06 22:55:00,2018-07-06 22:56:00,4810.0,19,-20.0,3.27148,-23.27148,2018-07-09
FID004_night_v3:DCE.JM:000345,FID004_night_v3,FID004,DCE.JM,JM1809,short,1,2018-07-31 21:53:00,2018-07-31 21:54:00,1197.0,2018-07-31 22:55:00,2018-07-31 22:56:00,1193.5,62,210.0,14.48643,195.51357,2018-08-01
FID004_night_v3:DCE.P:000360,FID004_night_v3,FID004,DCE.P,P1901,long,1,2018-08-23 22:16:00,2018-08-23 22:17:00,4936.0,2018-08-23 22:55:00,2018-08-23 22:56:00,4928.0,39,-80.0,3.35376,-83.35376000000001,2018-08-24
FID004_night_v3:SHFE.AU:000599,FID004_night_v3,FID004,SHFE.AU,AU1812,short,1,2018-09-06 01:27:00,2018-09-06 01:28:00,265.7,2018-09-06 02:25:00,2018-09-06 02:26:00,265.95,58,-250.0,40.0,-290.0,2018-09-06
FID004_night_v3:DCE.P:000375,FID004_night_v3,FID004,DCE.P,P1901,long,1,2018-09-18 21:43:00,2018-09-18 21:44:00,4786.0,2018-09-18 22:55:00,2018-09-18 22:56:00,4778.0,72,-80.0,3.25176,-83.25176,2018-09-19
FID004_night_v3:DCE.P:000386,FID004_night_v3,FID004,DCE.P,P1901,long,1,2018-10-18 21:35:00,2018-10-18 21:36:00,4744.0,2018-10-18 22:55:00,2018-10-18 22:56:00,4746.0,80,20.0,3.2266,16.7734,2018-10-19
FID004_night_v3:CZCE.CF:000362,FID004_night_v3,FID004,CZCE.CF,CF1901,long,1,2018-10-19 22:12:00,2018-10-19 22:13:00,15265.0,2018-10-19 22:55:00,2018-10-19 22:57:00,15265.0,44,0.0,9.92225,-9.92225,2018-10-22
FTR001_trading_day_v3:DCE.M:000174,FTR001_trading_day_v3,FTR001,DCE.M,M1901,short,1,2018-11-01 22:19:00,2018-11-01 22:20:00,3228.0,2018-11-02 14:55:00,2018-11-02 21:00:00,3069.0,265,1590.0,3.2114700000000003,1586.78853,2018-11-05
FID004_night_v3:DCE.P:000405,FID004_night_v3,FID004,DCE.P,P1905,long,1,2018-12-03 21:43:00,2018-12-03 21:44:00,4520.0,2018-12-03 22:55:00,2018-12-03 22:56:00,4522.0,72,20.0,3.07428,16.925720000000002,2018-12-04
FID004_night_v3:SHFE.CU:000649,FID004_night_v3,FID004,SHFE.CU,CU1902,short,1,2018-12-13 22:27:00,2018-12-13 22:28:00,49260.0,2018-12-14 00:55:00,2018-12-14 00:56:00,49250.0,148,50.0,24.6275,25.3725,2018-12-14
FID004_day_v3:CZCE.SR:000631,FID004_day_v3,FID004,CZCE.SR,SR1905,long,1,2019-01-21 14:06:00,2019-01-21 14:07:00,5103.0,2019-01-21 14:55:00,2019-01-21 21:00:00,5106.0,53,30.0,5.614949999999999,24.38505,2019-01-22
FTR001_rolling_30m_v3:CZCE.SR:000537,FTR001_rolling_30m_v3,FTR001,CZCE.SR,SR1905,long,1,2019-01-21 14:07:00,2019-01-21 14:08:00,5100.0,2019-01-21 14:55:00,2019-01-21 21:00:00,5106.0,52,60.0,5.613299999999999,54.3867,2019-01-22
FTR001_trading_day_v3:CZCE.SR:000269,FTR001_trading_day_v3,FTR001,CZCE.SR,SR1905,long,1,2019-01-21 09:00:00,2019-01-21 09:01:00,5069.0,2019-01-21 14:55:00,2019-01-21 21:00:00,5106.0,224,370.0,5.5962499999999995,364.40375,2019-01-22
FID004_night_v3:SHFE.AG:000695,FID004_night_v3,FID004,SHFE.AG,AG1906,short,1,2019-03-06 23:12:00,2019-03-06 23:13:00,3557.0,2019-03-07 02:25:00,2019-03-07 02:26:00,3560.0,193,-45.0,5.444505000000001,-50.444505,2019-03-07
FID004_night_v3:CZCE.CF:000429,FID004_night_v3,FID004,CZCE.CF,CF1905,long,1,2019-03-15 21:35:00,2019-03-15 21:36:00,15250.0,2019-03-15 22:55:00,2019-03-15 22:56:00,15245.0,80,-25.0,9.910875,-34.910875,2019-03-18
FID004_night_v3:SHFE.AU:000782,FID004_night_v3,FID004,SHFE.AU,AU1912,short,1,2019-05-08 21:47:00,2019-05-08 21:48:00,287.1,2019-05-09 02:25:00,2019-05-09 02:27:00,286.25,279,850.0000000000227,40.0,810.0000000000227,2019-05-09
FTR001_trading_day_v3:CZCE.CF:000242,FTR001_trading_day_v3,FTR001,CZCE.CF,CF1909,short,1,2019-05-13 09:00:00,2019-05-13 09:01:00,14960.0,2019-05-13 14:55:00,2019-05-13 21:00:00,14300.0,224,3300.0,9.5095,3290.4905,2019-05-14
FTR001_trading_day_v3:CZCE.CF:000243,FTR001_trading_day_v3,FTR001,CZCE.CF,CF1909,short,1,2019-05-13 21:59:00,2019-05-13 22:00:00,14055.0,2019-05-14 14:55:00,2019-05-14 21:00:00,13840.0,285,1075.0,9.065874999999998,1065.934125,2019-05-15
FID004_day_v3:DCE.M:000663,FID004_day_v3,FID004,DCE.M,M1909,long,1,2019-05-29 11:06:00,2019-05-29 11:07:00,2948.0,2019-05-29 14:55:00,2019-05-29 21:00:00,2969.0,113,210.0,3.0176700000000003,206.98233,2019-05-30
FTR001_trading_day_v3:DCE.M:000214,FTR001_trading_day_v3,FTR001,DCE.M,M1909,long,1,2019-05-29 09:00:00,2019-05-29 09:01:00,2919.0,2019-05-29 14:55:00,2019-05-29 21:00:00,2969.0,224,500.0,3.00288,496.99712,2019-05-30
FID004_day_v3:CZCE.CF:000752,FID004_day_v3,FID004,CZCE.CF,CF1909,short,1,2019-07-09 09:31:00,2019-07-09 09:32:00,13260.0,2019-07-09 14:55:00,2019-07-09 21:00:00,13060.0,193,1000.0,8.553999999999998,991.446,2019-07-10
FTR001_trading_day_v3:CZCE.CF:000260,FTR001_trading_day_v3,FTR001,CZCE.CF,CF1909,short,1,2019-07-09 09:04:00,2019-07-09 09:05:00,13520.0,2019-07-09 14:55:00,2019-07-09 21:00:00,13060.0,220,2300.0,8.638499999999999,2291.3615000000004,2019-07-10
FID004_day_v3:CZCE.CF:000772,FID004_day_v3,FID004,CZCE.CF,CF1909,short,1,2019-08-05 11:21:00,2019-08-05 11:22:00,12335.0,2019-08-05 14:55:00,2019-08-05 21:00:00,12155.0,98,900.0,7.959249999999999,892.04075,2019-08-06
FID004_day_v3:SHFE.AU:000740,FID004_day_v3,FID004,SHFE.AU,AU1912,long,1,2019-08-05 09:32:00,2019-08-05 09:33:00,330.9,2019-08-05 14:55:00,2019-08-05 21:00:00,336.9,192,6000.0,40.0,5960.0,2019-08-06
FTR001_trading_day_v3:CZCE.CF:000265,FTR001_trading_day_v3,FTR001,CZCE.CF,CF1909,short,1,2019-08-05 09:00:00,2019-08-05 09:01:00,12450.0,2019-08-05 14:55:00,2019-08-05 21:00:00,12155.0,224,1475.0,7.996625,1467.003375,2019-08-06
FTR001_trading_day_v3:SHFE.AU:000349,FTR001_trading_day_v3,FTR001,SHFE.AU,AU1912,long,1,2019-08-02 22:08:00,2019-08-02 22:09:00,326.45,2019-08-05 14:55:00,2019-08-05 21:00:00,336.9,486,10449.999999999987,40.0,10409.999999999987,2019-08-06
FID004_day_v3:SHFE.AG:000742,FID004_day_v3,FID004,SHFE.AG,AG1912,short,1,2019-09-06 09:59:00,2019-09-06 10:00:00,4629.0,2019-09-06 14:55:00,2019-09-06 21:00:00,4615.0,165,210.0,7.071660000000001,202.92834,2019-09-09
FTR001_trading_day_v3:SHFE.AG:000337,FTR001_trading_day_v3,FTR001,SHFE.AG,AG1912,short,1,2019-09-05 21:59:00,2019-09-05 22:00:00,4731.0,2019-09-06 14:55:00,2019-09-06 21:00:00,4615.0,495,1740.0,7.149690000000001,1732.85031,2019-09-09
FID004_night_v3:DCE.JM:000588,FID004_night_v3,FID004,DCE.JM,JM2005,long,1,2019-12-26 22:39:00,2019-12-26 22:40:00,1147.0,2019-12-26 22:55:00,2019-12-26 22:56:00,1146.0,16,-60.0,13.89558,-73.89558,2019-12-27
FID004_night_v3:CZCE.CF:000557,FID004_night_v3,FID004,CZCE.CF,CF2005,short,1,2019-12-30 21:49:00,2019-12-30 21:50:00,13945.0,2019-12-30 22:55:00,2019-12-30 22:57:00,13945.0,67,-0.0,9.06425,-9.06425,2019-12-31
FTR001_trading_day_v3:SHFE.RB:000332,FTR001_trading_day_v3,FTR001,SHFE.RB,RB2005,long,1,2020-02-03 09:46:00,2020-02-03 09:47:00,3275.0,2020-02-03 14:55:00,2020-02-04 09:00:00,3209.0,178,-660.0,6.54884,-666.54884,2020-02-04
FID004_day_v3:CZCE.SR:000912,FID004_day_v3,FID004,CZCE.SR,SR2005,long,1,2020-02-04 09:37:00,2020-02-04 09:38:00,5620.0,2020-02-04 14:55:00,2020-02-05 09:00:00,5668.0,187,480.0,6.208399999999999,473.7916,2020-02-05
FTR001_trading_day_v3:CZCE.SR:000379,FTR001_trading_day_v3,FTR001,CZCE.SR,SR2005,long,1,2020-02-04 09:29:00,2020-02-04 09:30:00,5610.0,2020-02-04 14:55:00,2020-02-05 09:00:00,5668.0,195,580.0,6.2029,573.7971,2020-02-05
FID004_day_v3:CZCE.CF:000909,FID004_day_v3,FID004,CZCE.CF,CF2005,long,1,2020-02-17 10:11:00,2020-02-17 10:12:00,13330.0,2020-02-17 14:55:00,2020-02-18 09:00:00,13395.0,153,325.0,8.685624999999998,316.31437500000004,2020-02-18
FTR001_rolling_30m_v3:CZCE.CF:000649,FTR001_rolling_30m_v3,FTR001,CZCE.CF,CF2005,long,1,2020-02-17 14:12:00,2020-02-17 14:13:00,13455.0,2020-02-17 14:55:00,2020-02-18 09:00:00,13395.0,47,-300.0,8.72625,-308.72625000000005,2020-02-18
FTR001_trading_day_v3:CZCE.CF:000315,FTR001_trading_day_v3,FTR001,CZCE.CF,CF2005,long,1,2020-02-17 09:42:00,2020-02-17 09:43:00,13280.0,2020-02-17 14:55:00,2020-02-18 09:00:00,13395.0,182,575.0,8.669374999999999,566.3306249999999,2020-02-18
FID004_day_v3:DCE.P:000987,FID004_day_v3,FID004,DCE.P,P2005,short,1,2020-02-28 11:21:00,2020-02-28 11:22:00,5076.0,2020-02-28 14:55:00,2020-03-02 09:00:00,4952.0,98,1240.0,3.40952,1236.5904799999998,2020-03-02
FTR001_rolling_30m_v3:DCE.P:000670,FTR001_rolling_30m_v3,FTR001,DCE.P,P2005,short,1,2020-02-28 14:34:00,2020-02-28 14:35:00,4952.0,2020-02-28 14:55:00,2020-03-02 09:00:00,4952.0,25,-0.0,3.36736,-3.36736,2020-03-02
FTR001_trading_day_v3:DCE.P:000272,FTR001_trading_day_v3,FTR001,DCE.P,P2005,short,1,2020-02-28 13:31:00,2020-02-28 13:32:00,5032.0,2020-02-28 14:55:00,2020-03-02 09:00:00,4952.0,88,800.0,3.39456,796.60544,2020-03-02
FID004_day_v3:SHFE.CU:000981,FID004_day_v3,FID004,SHFE.CU,CU2005,short,1,2020-03-18 13:30:00,2020-03-18 13:31:00,41340.0,2020-03-18 14:55:00,2020-03-19 09:00:00,38770.0,89,12850.0,20.027500000000003,12829.972500000002,2020-03-19
FTR001_rolling_30m_v3:SHFE.CU:001131,FTR001_rolling_30m_v3,FTR001,SHFE.CU,CU2005,short,1,2020-03-18 13:32:00,2020-03-18 13:33:00,41190.0,2020-03-18 14:55:00,2020-03-19 09:00:00,38770.0,87,12100.0,19.99,12080.01,2020-03-19
FTR001_trading_day_v3:SHFE.CU:000426,FTR001_trading_day_v3,FTR001,SHFE.CU,CU2005,short,1,2020-03-18 13:42:00,2020-03-18 13:43:00,40760.0,2020-03-18 14:55:00,2020-03-19 09:00:00,38770.0,77,9950.0,19.8825,9930.1175,2020-03-19
FID004_day_v3:CZCE.CF:000931,FID004_day_v3,FID004,CZCE.CF,CF2005,short,1,2020-03-19 09:46:00,2020-03-19 09:47:00,11150.0,2020-03-19 14:55:00,2020-03-20 09:00:00,11135.0,178,75.0,7.242624999999999,67.757375,2020-03-20
FTR001_trading_day_v3:CZCE.CF:000323,FTR001_trading_day_v3,FTR001,CZCE.CF,CF2005,short,1,2020-03-19 09:42:00,2020-03-19 09:43:00,11230.0,2020-03-19 14:55:00,2020-03-20 09:00:00,11135.0,182,475.0,7.268624999999999,467.731375,2020-03-20
FID004_day_v3:SHFE.AG:000872,FID004_day_v3,FID004,SHFE.AG,AG2006,long,1,2020-03-20 09:32:00,2020-03-20 09:33:00,3036.0,2020-03-20 14:55:00,2020-03-23 09:00:00,3101.0,192,975.0,4.694805000000001,970.305195,2020-03-23
FTR001_trading_day_v3:SHFE.AG:000406,FTR001_trading_day_v3,FTR001,SHFE.AG,AG2006,long,1,2020-03-20 10:41:00,2020-03-20 10:42:00,3072.0,2020-03-20 14:55:00,2020-03-23 09:00:00,3101.0,138,435.0,4.722345000000001,430.277655,2020-03-23
FID004_day_v3:DCE.M:000864,FID004_day_v3,FID004,DCE.M,M2009,long,1,2020-03-23 10:43:00,2020-03-23 10:44:00,2908.0,2020-03-23 14:55:00,2020-03-24 09:00:00,2935.0,136,270.0,2.9799300000000004,267.02007000000003,2020-03-24
FTR001_rolling_30m_v3:SHFE.AG:001070,FTR001_rolling_30m_v3,FTR001,SHFE.AG,AG2006,long,1,2020-03-24 14:09:00,2020-03-24 14:10:00,3324.0,2020-03-24 14:55:00,2020-03-25 09:00:00,3520.0,50,2940.0,5.235660000000001,2934.76434,2020-03-25
FID004_day_v3:SHFE.AG:000908,FID004_day_v3,FID004,SHFE.AG,AG2006,long,1,2020-05-18 10:07:00,2020-05-18 10:08:00,4201.0,2020-05-18 14:55:00,2020-05-18 21:00:00,4207.0,157,90.0,6.432120000000001,83.56788,2020-05-19
FTR001_trading_day_v3:SHFE.AG:000424,FTR001_trading_day_v3,FTR001,SHFE.AG,AG2006,long,1,2020-05-18 09:00:00,2020-05-18 09:01:00,4151.0,2020-05-18 14:55:00,2020-05-18 21:00:00,4207.0,224,840.0,6.393870000000001,833.60613,2020-05-19
FID004_day_v3:SHFE.AG:000961,FID004_day_v3,FID004,SHFE.AG,AG2012,long,1,2020-08-05 14:30:00,2020-08-05 14:31:00,6140.0,2020-08-05 14:55:00,2020-08-05 21:00:00,6221.0,29,1215.0,9.456165000000002,1205.543835,2020-08-06
FTR001_trading_day_v3:SHFE.AG:000462,FTR001_trading_day_v3,FTR001,SHFE.AG,AG2012,long,1,2020-08-04 22:18:00,2020-08-04 22:19:00,5768.0,2020-08-05 14:55:00,2020-08-05 21:00:00,6221.0,476,6795.0,9.171585,6785.828415,2020-08-06
FID004_night_v3:SHFE.AG:001025,FID004_night_v3,FID004,SHFE.AG,AG2012,short,1,2020-08-12 00:57:00,2020-08-12 00:58:00,6223.0,2020-08-12 02:25:00,2020-08-12 21:00:00,6040.0,317,2745.0,9.381195000000002,2735.6188049999996,2020-08-13
FTR001_trading_day_v3:SHFE.AU:000514,FTR001_trading_day_v3,FTR001,SHFE.AU,AU2012,short,1,2020-08-11 21:59:00,2020-08-11 22:00:00,422.24,2020-08-12 14:55:00,2020-08-12 21:00:00,418.26,495,3980.000000000018,40.0,3940.000000000018,2020-08-13
FTR001_trading_day_v3:SHFE.AG:000484,FTR001_trading_day_v3,FTR001,SHFE.AG,AG2012,short,1,2020-09-21 21:59:00,2020-09-21 22:00:00,5597.0,2020-09-22 14:55:00,2020-09-22 21:00:00,5232.0,495,5475.0,8.284185,5466.715815,2020-09-23
FTR001_trading_day_v3:SHFE.RU:000427,FTR001_trading_day_v3,FTR001,SHFE.RU,RU2101,long,1,2020-10-27 22:54:00,2020-10-27 22:55:00,16150.0,2020-10-28 14:55:00,2020-10-28 21:00:00,16550.0,230,4000.0,7.194000000000001,3992.806,2020-10-29
FID004_day_v3:SHFE.RB:001320,FID004_day_v3,FID004,SHFE.RB,RB2105,long,1,2020-12-21 10:32:00,2020-12-21 10:33:00,4448.0,2020-12-21 14:55:00,2020-12-21 21:00:00,4470.0,147,220.0,9.007180000000002,210.99282,2020-12-22
FTR001_trading_day_v3:SHFE.RB:000413,FTR001_trading_day_v3,FTR001,SHFE.RB,RB2105,long,1,2020-12-21 09:00:00,2020-12-21 09:01:00,4403.0,2020-12-21 14:55:00,2020-12-21 21:00:00,4470.0,224,670.0,8.96173,661.03827,2020-12-22
FID004_day_v3:DCE.JM:001376,FID004_day_v3,FID004,DCE.JM,JM2109,long,1,2021-05-06 10:31:00,2021-05-06 10:32:00,1882.0,2021-05-06 14:55:00,2021-05-06 21:00:00,1912.0,148,1800.0,22.99164,1777.00836,2021-05-07
FTR001_trading_day_v3:DCE.JM:000442,FTR001_trading_day_v3,FTR001,DCE.JM,JM2109,long,1,2021-05-06 09:40:00,2021-05-06 09:41:00,1864.5,2021-05-06 14:55:00,2021-05-06 21:00:00,1912.0,184,2850.0,22.88559,2827.11441,2021-05-07
FID004_day_v3:DCE.JM:001378,FID004_day_v3,FID004,DCE.JM,JM2109,long,1,2021-05-10 09:38:00,2021-05-10 09:39:00,2038.0,2021-05-10 14:55:00,2021-05-10 14:56:00,2062.0,182,1440.0,24.846,1415.154,2021-05-10
FTR001_trading_day_v3:DCE.JM:000444,FTR001_trading_day_v3,FTR001,DCE.JM,JM2109,long,1,2021-05-10 09:02:00,2021-05-10 09:03:00,1993.0,2021-05-10 14:55:00,2021-05-10 14:56:00,2062.0,218,4140.0,24.573300000000003,4115.4267,2021-05-10
FTR001_trading_day_v3:SHFE.RB:000454,FTR001_trading_day_v3,FTR001,SHFE.RB,RB2110,long,1,2021-05-10 09:00:00,2021-05-10 09:01:00,5958.0,2021-05-10 14:55:00,2021-05-10 21:00:00,6113.0,224,1550.0,12.19171,1537.80829,2021-05-11
FTR001_trading_day_v3:SHFE.RB:000457,FTR001_trading_day_v3,FTR001,SHFE.RB,RB2110,short,1,2021-05-14 11:21:00,2021-05-14 11:22:00,5667.0,2021-05-14 14:55:00,2021-05-14 14:56:00,5640.0,94,270.0,11.42007,258.57993,2021-05-14
FTR001_trading_day_v3:DCE.JM:000450,FTR001_trading_day_v3,FTR001,DCE.JM,JM2109,short,1,2021-05-19 21:59:00,2021-05-19 22:00:00,1829.0,2021-05-20 14:55:00,2021-05-20 21:00:00,1778.0,285,3060.0,21.85842,3038.14158,2021-05-21
FTR001_trading_day_v3:DCE.JM:000478,FTR001_trading_day_v3,FTR001,DCE.JM,JM2201,long,1,2021-08-20 21:59:00,2021-08-20 22:00:00,2315.5,2021-08-23 14:55:00,2021-08-23 21:00:00,2465.0,285,8970.0,28.96983,8941.03017,2021-08-24
FID004_day_v3:DCE.JM:001489,FID004_day_v3,FID004,DCE.JM,JM2201,long,1,2021-09-02 09:33:00,2021-09-02 09:34:00,2576.5,2021-09-02 14:55:00,2021-09-02 14:56:00,2669.0,187,5550.0,31.787730000000003,5518.21227,2021-09-02
FTR001_trading_day_v3:DCE.JM:000483,FTR001_trading_day_v3,FTR001,DCE.JM,JM2201,long,1,2021-09-02 10:30:00,2021-09-02 10:31:00,2630.5,2021-09-02 14:55:00,2021-09-02 14:56:00,2669.0,145,2310.0,32.11497,2277.88503,2021-09-02
FID004_day_v3:CZCE.CF:001348,FID004_day_v3,FID004,CZCE.CF,CF2201,long,1,2021-10-15 11:20:00,2021-10-15 11:21:00,22025.0,2021-10-15 14:55:00,2021-10-15 21:00:00,22810.0,99,3925.0,14.571375,3910.428625,2021-10-18
FTR001_trading_day_v3:CZCE.CF:000495,FTR001_trading_day_v3,FTR001,CZCE.CF,CF2201,long,1,2021-10-14 22:05:00,2021-10-14 22:06:00,21685.0,2021-10-15 14:55:00,2021-10-15 21:00:00,22810.0,279,5625.0,14.460874999999998,5610.539125,2021-10-18
FID004_night_v3:DCE.JM:000883,FID004_night_v3,FID004,DCE.JM,JM2201,short,1,2021-10-19 21:41:00,2021-10-19 21:42:00,3441.5,2021-10-19 22:55:00,2021-10-20 21:00:00,3150.0,303,17490.0,39.94449,17450.05551,2021-10-21
FTR001_trading_day_v3:DCE.JM:000497,FTR001_trading_day_v3,FTR001,DCE.JM,JM2201,short,1,2021-10-19 21:59:00,2021-10-19 22:00:00,3475.0,2021-10-20 14:55:00,2021-10-20 21:00:00,3150.0,285,19500.0,40.147499999999994,19459.8525,2021-10-21
FID004_day_v3:DCE.JM:001522,FID004_day_v3,FID004,DCE.JM,JM2201,short,1,2021-10-21 13:39:00,2021-10-21 13:40:00,3240.0,2021-10-21 14:55:00,2021-10-21 21:00:00,3050.0,80,11400.0,38.1174,11361.8826,2021-10-22
FTR001_rolling_30m_v3:DCE.JM:001162,FTR001_rolling_30m_v3,FTR001,DCE.JM,JM2201,short,1,2021-10-21 14:36:00,2021-10-21 14:37:00,3117.5,2021-10-21 14:55:00,2021-10-21 21:00:00,3050.0,23,4050.0,37.37505,4012.62495,2021-10-22
FTR001_rolling_30m_v3:SHFE.RB:001266,FTR001_rolling_30m_v3,FTR001,SHFE.RB,RB2201,short,1,2021-10-21 13:36:00,2021-10-21 13:37:00,5247.0,2021-10-21 14:55:00,2021-10-21 21:00:00,4976.0,83,2710.0,10.32523,2699.67477,2021-10-22
FTR001_trading_day_v3:SHFE.RB:000506,FTR001_trading_day_v3,FTR001,SHFE.RB,RB2201,short,1,2021-10-21 14:40:00,2021-10-21 14:41:00,5086.0,2021-10-21 14:55:00,2021-10-21 21:00:00,4976.0,19,1100.0,10.16262,1089.83738,2021-10-22
FTR001_trading_day_v3:DCE.JM:000499,FTR001_trading_day_v3,FTR001,DCE.JM,JM2201,short,1,2021-10-26 22:53:00,2021-10-26 22:54:00,2778.5,2021-10-27 14:55:00,2021-10-28 14:02:00,2503.0,518,16530.0,32.00589,16497.99411,2021-10-28
FTR001_trading_day_v3:DCE.P:000524,FTR001_trading_day_v3,FTR001,DCE.P,P2205,long,1,2022-03-09 13:30:00,2022-03-09 13:31:00,12330.0,2022-03-09 14:55:00,2022-03-09 14:57:00,12718.0,86,3880.0,8.51632,3871.48368,2022-03-09
FID004_day_v3:CZCE.CF:001551,FID004_day_v3,FID004,CZCE.CF,CF2209,long,1,2022-07-18 10:32:00,2022-07-18 10:33:00,15145.0,2022-07-18 14:55:00,2022-07-18 21:00:00,15495.0,147,1750.0,9.957999999999998,1740.042,2022-07-19
FTR001_trading_day_v3:CZCE.CF:000585,FTR001_trading_day_v3,FTR001,CZCE.CF,CF2209,long,1,2022-07-15 21:59:00,2022-07-15 22:00:00,14540.0,2022-07-18 14:55:00,2022-07-18 21:00:00,15495.0,285,4775.0,9.761375,4765.238625000001,2022-07-19
FID004_night_v3:SHFE.AU:001917,FID004_night_v3,FID004,SHFE.AU,AU2306,long,1,2023-04-07 22:10:00,2023-04-07 22:11:00,446.68,2023-04-08 02:25:00,2023-04-08 02:26:00,446.14,255,-540.0000000000205,40.0,-580.0000000000205,2023-04-10
FID004_night_v3:SHFE.CU:001773,FID004_night_v3,FID004,SHFE.CU,CU2307,long,1,2023-06-06 23:43:00,2023-06-06 23:44:00,66780.0,2023-06-07 00:55:00,2023-06-07 00:56:00,66740.0,72,-200.0,33.38,-233.38,2023-06-07
FTR001_trading_day_v3:DCE.M:000634,FTR001_trading_day_v3,FTR001,DCE.M,M2309,long,1,2023-07-03 09:00:00,2023-07-03 09:01:00,3913.0,2023-07-03 14:55:00,2023-07-03 21:00:00,4030.0,224,1170.0,4.050930000000001,1165.94907,2023-07-04
FID004_day_v3:SHFE.RU:001981,FID004_day_v3,FID004,SHFE.RU,RU2401,long,1,2023-09-01 09:42:00,2023-09-01 09:43:00,14075.0,2023-09-01 14:55:00,2023-09-01 21:00:00,14280.0,182,2050.0,6.238100000000001,2043.7619,2023-09-04
FTR001_trading_day_v3:SHFE.RU:000720,FTR001_trading_day_v3,FTR001,SHFE.RU,RU2401,long,1,2023-08-31 22:07:00,2023-08-31 22:08:00,13460.0,2023-09-01 14:55:00,2023-09-01 21:00:00,14280.0,277,8200.0,6.1028,8193.8972,2023-09-04
FID004_night_v3:SHFE.CU:001851,FID004_night_v3,FID004,SHFE.CU,CU2310,short,1,2023-09-19 22:15:00,2023-09-19 22:16:00,68650.0,2023-09-20 00:55:00,2023-09-20 00:56:00,68750.0,160,-500.0,34.35,-534.35,2023-09-20
FTR001_rolling_30m_v3:SHFE.CU:002497,FTR001_rolling_30m_v3,FTR001,SHFE.CU,CU2310,short,1,2023-09-20 23:47:00,2023-09-20 23:48:00,68890.0,2023-09-21 00:55:00,2023-09-21 00:56:00,68930.0,68,-200.0,34.455,-234.455,2023-09-21
FTR001_trading_day_v3:SHFE.RU:000770,FTR001_trading_day_v3,FTR001,SHFE.RU,RU2405,long,1,2024-03-18 09:00:00,2024-03-18 09:01:00,15075.0,2024-03-18 14:55:00,2024-03-18 21:00:00,15600.0,224,5250.0,6.748500000000001,5243.2515,2024-03-19
FID004_day_v3:SHFE.AG:001993,FID004_day_v3,FID004,SHFE.AG,AG2406,long,1,2024-04-08 09:34:00,2024-04-08 09:35:00,6975.0,2024-04-08 14:55:00,2024-04-08 14:56:00,7128.0,186,2295.0,10.788795,2284.2112049999996,2024-04-08
FTR001_trading_day_v3:SHFE.AG:001081,FTR001_trading_day_v3,FTR001,SHFE.AG,AG2406,long,1,2024-04-08 09:32:00,2024-04-08 09:33:00,6960.0,2024-04-08 14:55:00,2024-04-08 14:56:00,7128.0,188,2520.0,10.77732,2509.22268,2024-04-08
FTR001_trading_day_v3:SHFE.AG:001101,FTR001_trading_day_v3,FTR001,SHFE.AG,AG2408,long,1,2024-05-17 22:01:00,2024-05-17 22:02:00,7819.0,2024-05-20 14:55:00,2024-05-20 21:00:00,8105.0,493,4290.0,12.181860000000002,4277.81814,2024-05-21
FID004_day_v3:CFFEX.IC:002497,FID004_day_v3,FID004,CFFEX.IC,IC2410,long,1,2024-09-30 11:28:00,2024-09-30 11:29:00,5780.2,2024-09-30 14:55:00,2024-09-30 14:57:00,5902.8,118,24520.000000000073,299.27376,24220.726240000073,2024-09-30
FTR001_trading_day_v3:DCE.JM:000819,FTR001_trading_day_v3,FTR001,DCE.JM,JM2501,long,1,2024-09-27 21:59:00,2024-09-27 22:00:00,1439.0,2024-09-30 14:55:00,2024-10-08 09:00:00,1605.0,285,9960.0,18.44664,9941.55336,2024-10-08
FTR001_trading_day_v3:SHFE.RB:000778,FTR001_trading_day_v3,FTR001,SHFE.RB,RB2501,long,1,2024-09-27 21:59:00,2024-09-27 22:00:00,3373.0,2024-09-30 14:55:00,2024-10-08 09:00:00,3680.0,285,3070.0,7.123530000000001,3062.8764699999997,2024-10-08
FTR001_rolling_30m_v3:SHFE.RU:001845,FTR001_rolling_30m_v3,FTR001,SHFE.RU,RU2501,short,1,2024-10-10 14:27:00,2024-10-10 14:28:00,18325.0,2024-10-10 14:55:00,2024-10-10 21:00:00,17920.0,32,4050.0,7.9739,4042.0261,2024-10-11
FTR001_trading_day_v3:SHFE.RU:000831,FTR001_trading_day_v3,FTR001,SHFE.RU,RU2501,short,1,2024-10-10 14:39:00,2024-10-10 14:40:00,18095.0,2024-10-10 14:55:00,2024-10-10 21:00:00,17920.0,20,1750.0,7.923300000000001,1742.0767,2024-10-11
FTR001_trading_day_v3:DCE.JM:000822,FTR001_trading_day_v3,FTR001,DCE.JM,JM2501,short,1,2024-10-17 13:44:00,2024-10-17 13:45:00,1374.0,2024-10-17 14:55:00,2024-10-17 21:00:00,1335.0,75,2340.0,16.416539999999998,2323.5834600000003,2024-10-18
FTR001_trading_day_v3:SHFE.CU:001121,FTR001_trading_day_v3,FTR001,SHFE.CU,CU2505,long,1,2025-04-07 10:08:00,2025-04-07 10:09:00,74140.0,2025-04-07 14:55:00,2025-04-07 21:00:00,72580.0,156,-7800.0,36.68,-7836.68,2025-04-08
FID004_day_v3:CFFEX.IC:002643,FID004_day_v3,FID004,CFFEX.IC,IC2504,short,1,2025-04-07 13:29:00,2025-04-07 13:30:00,5286.2,2025-04-07 14:55:00,2025-04-08 09:30:00,5301.0,90,-2960.0000000000364,50.81855999999999,-3010.8185600000365,2025-04-08
FTR001_rolling_30m_v3:CFFEX.IC:002180,FTR001_rolling_30m_v3,FTR001,CFFEX.IC,IC2504,short,1,2025-04-07 13:45:00,2025-04-07 13:46:00,5242.0,2025-04-07 14:55:00,2025-04-08 09:30:00,5301.0,74,-11800.0,50.606399999999994,-11850.6064,2025-04-08
FTR001_trading_day_v3:CFFEX.IC:000992,FTR001_trading_day_v3,FTR001,CFFEX.IC,IC2504,short,1,2025-04-07 10:29:00,2025-04-07 10:30:00,5391.6,2025-04-07 14:55:00,2025-04-08 09:30:00,5301.0,180,18120.000000000073,51.324479999999994,18068.675520000073,2025-04-08
FTR001_trading_day_v3:DCE.JM:000908,FTR001_trading_day_v3,FTR001,DCE.JM,JM2509,long,1,2025-07-21 22:42:00,2025-07-21 22:43:00,1029.5,2025-07-22 14:55:00,2025-07-22 21:00:00,1068.0,242,2310.0,12.71085,2297.28915,2025-07-23
FID004_day_v3:DCE.JM:002673,FID004_day_v3,FID004,DCE.JM,JM2509,long,1,2025-07-25 09:41:00,2025-07-25 09:42:00,1235.5,2025-07-25 14:55:00,2025-07-25 21:00:00,1264.5,183,1740.0,15.15,1724.85,2025-07-28
FID004_day_v3:DCE.JM:002675,FID004_day_v3,FID004,DCE.JM,JM2509,short,1,2025-07-28 11:25:00,2025-07-28 11:26:00,1113.0,2025-07-28 14:55:00,2025-07-28 21:00:00,1090.0,94,1380.0,13.350180000000002,1366.64982,2025-07-29
FTR001_trading_day_v3:DCE.JM:000911,FTR001_trading_day_v3,FTR001,DCE.JM,JM2509,short,1,2025-07-25 22:11:00,2025-07-25 22:12:00,1227.5,2025-07-28 14:55:00,2025-07-28 21:00:00,1090.0,273,8250.0,14.04405,8235.95595,2025-07-29
FID004_day_v3:DCE.JM:002679,FID004_day_v3,FID004,DCE.JM,JM2509,short,1,2025-07-31 10:46:00,2025-07-31 10:47:00,1057.0,2025-07-31 14:55:00,2025-07-31 21:00:00,1045.0,133,720.0,12.73812,707.2618799999999,2025-08-01
FTR001_rolling_30m_v3:DCE.JM:002137,FTR001_rolling_30m_v3,FTR001,DCE.JM,JM2601,long,1,2025-08-05 13:33:00,2025-08-05 13:34:00,1143.0,2025-08-05 14:55:00,2025-08-05 14:56:00,1193.5,82,3030.0,14.15919,3015.84081,2025-08-05
FTR001_trading_day_v3:DCE.JM:000959,FTR001_trading_day_v3,FTR001,DCE.JM,JM2605,long,1,2026-01-06 21:59:00,2026-01-06 22:00:00,1136.0,2026-01-07 14:55:00,2026-01-07 21:00:00,1189.0,285,3180.0,14.0895,3165.9105,2026-01-08
FID004_day_v3:SHFE.CU:002791,FID004_day_v3,FID004,SHFE.CU,CU2603,short,1,2026-02-02 13:36:00,2026-02-02 13:37:00,99380.0,2026-02-02 14:55:00,2026-02-02 21:00:00,101490.0,83,-10550.0,50.2175,-10600.2175,2026-02-03
FTR001_trading_day_v3:SHFE.CU:001237,FTR001_trading_day_v3,FTR001,SHFE.CU,CU2603,short,1,2026-02-02 09:10:00,2026-02-02 09:11:00,99550.0,2026-02-02 14:55:00,2026-02-02 21:00:00,101490.0,214,-9700.0,50.260000000000005,-9750.26,2026-02-03
FTR001_trading_day_v3:DCE.JM:000981,FTR001_trading_day_v3,FTR001,DCE.JM,JM2605,long,1,2026-03-20 21:59:00,2026-03-20 22:00:00,1245.0,2026-03-23 14:55:00,2026-03-23 21:00:00,1225.0,285,-1200.0,14.9682,-1214.9682,2026-03-24
